OrderID,OrderDate,CustomerID,Channel,Status,City,Region
O0001,2025-12-18,C044,Marketplace,Returned,Chennai,South
O0002,2025-12-06,C080,Marketplace,Completed,Bhubaneswar,East
O0003,2025-12-07,C054,Marketplace,Completed,Chennai,South
O0004,2025-05-27,C018,Store,Completed,Lucknow,North
O0005,2025-03-28,C014,Online,Returned,Kolkata,East
O0006,2025-12-11,C058,Online,Completed,Nagpur,West
O0007,2025-12-23,C053,Store,Completed,Nagpur,West
O0008,2025-04-23,C055,Marketplace,Completed,Pune,West
O0009,2025-12-08,C088,Marketplace,Cancelled,Nashik,West
O0010,2025-10-08,C013,Online,Completed,Lucknow,North
O0011,2025-11-17,C072,Store,Completed,Chennai,South
O0012,2025-10-04,C057,Online,Completed,Nashik,West
O0013,2025-08-01,C089,Store,Completed,Jaipur,North
O0014,2025-10-22,C059,Store,Completed,Jaipur,North
O0015,2025-10-03,C032,Marketplace,Returned,Kolkata,East
O0016,2025-07-19,C048,Marketplace,Completed,Bhubaneswar,East
O0017,2025-07-21,C021,Marketplace,Cancelled,Pune,West
O0018,2025-07-14,C099,Online,Completed,Pune,West
O0019,2025-05-10,C021,Store,Completed,Pune,West
O0020,2025-11-30,C003,Online,Completed,Lucknow,North
O0021,2025-08-27,C071,Store,Returned,Lucknow,North
O0022,2025-06-09,C029,Marketplace,Completed,Mumbai,West
O0023,2025-07-23,C052,Online,Returned,Delhi,North
O0024,2025-12-17,C013,Online,Cancelled,Lucknow,North
O0025,2025-09-17,C022,Store,Returned,Mumbai,West
O0026,2025-11-22,C002,Marketplace,Completed,Bhubaneswar,East
O0027,2025-11-12,C059,Store,Cancelled,Jaipur,North
O0028,2025-02-14,C052,Store,Completed,Delhi,North
O0029,2025-01-15,C021,Store,Completed,Pune,West
O0030,2025-10-12,C069,Marketplace,Completed,Nashik,West
O0031,2025-08-18,C058,Online,Completed,Nagpur,West
O0032,2025-08-31,C050,Marketplace,Cancelled,Nagpur,West
O0033,2025-05-19,C062,Store,Completed,Pune,West
O0034,2025-04-09,C011,Marketplace,Completed,Jaipur,North
O0035,2025-04-27,C005,Online,Completed,Jaipur,North
O0036,2025-10-11,C091,Marketplace,Completed,Jaipur,North
O0037,2025-04-05,C087,Store,Completed,Pune,West
O0038,2025-10-16,C081,Online,Completed,Kolkata,East
O0039,2025-06-06,C070,Marketplace,Cancelled,Chennai,South
O0040,2025-11-17,C018,Store,Completed,Lucknow,North
O0041,2025-05-30,C021,Online,Completed,Pune,West
O0042,2025-05-16,C092,Marketplace,Returned,Bengaluru,South
O0043,2025-03-14,C054,Online,Completed,Chennai,South
O0044,2025-08-13,C084,Store,Completed,Bhubaneswar,East
O0045,2025-08-10,C046,Store,Returned,Mumbai,West
O0046,2025-12-11,C089,Marketplace,Completed,Jaipur,North
O0047,2025-05-23,C031,Marketplace,Completed,Kolkata,East
O0048,2025-06-20,C069,Marketplace,Completed,Nashik,West
O0049,2025-12-06,C049,Marketplace,Completed,Pune,West
O0050,2025-09-21,C072,Marketplace,Completed,Chennai,South
O0051,2025-04-15,C023,Marketplace,Completed,Nagpur,West
O0052,2025-11-19,C072,Online,Cancelled,Chennai,South
O0053,2025-08-25,C074,Marketplace,Completed,Nagpur,West
O0054,2025-08-22,C018,Online,Cancelled,Lucknow,North
O0055,2025-02-05,C076,Store,Completed,Delhi,North
O0056,2025-06-02,C013,Marketplace,Cancelled,Lucknow,North
O0057,2025-04-07,C067,Online,Returned,Pune,West
O0058,2025-07-17,C042,Marketplace,Returned,Nashik,West
O0059,2025-01-08,C016,Online,Returned,Delhi,North
O0060,2025-06-23,C023,Marketplace,Cancelled,Nagpur,West
O0061,2025-06-12,C087,Marketplace,Returned,Pune,West
O0062,2025-02-16,C077,Online,Completed,Mumbai,West
O0063,2025-01-24,C025,Online,Completed,Jaipur,North
O0064,2025-10-17,C039,Online,Returned,Pune,West
O0065,2025-09-12,C037,Online,Cancelled,Pune,West
O0066,2025-08-27,C013,Marketplace,Completed,Lucknow,North
O0067,2025-12-20,C025,Store,Completed,Jaipur,North
O0068,2025-12-25,C088,Online,Completed,Nashik,West
O0069,2025-04-28,C066,Store,Cancelled,Lucknow,North
O0070,2025-11-18,C056,Marketplace,Completed,Nagpur,West
O0071,2025-06-01,C082,Marketplace,Completed,Nashik,West
O0072,2025-09-29,C012,Store,Cancelled,Jaipur,North
O0073,2025-02-08,C093,Online,Completed,Nagpur,West
O0074,2025-07-08,C098,Marketplace,Returned,Bengaluru,South
O0075,2025-01-13,C053,Marketplace,Cancelled,Nagpur,West
O0076,2025-12-25,C084,Marketplace,Completed,Bhubaneswar,East
O0077,2025-03-01,C027,Online,Completed,Jaipur,North
O0078,2025-08-01,C012,Online,Returned,Jaipur,North
O0079,2025-02-20,C037,Store,Returned,Pune,West
O0080,2025-08-21,C025,Marketplace,Completed,Jaipur,North
O0081,2025-05-05,C002,Marketplace,Completed,Bhubaneswar,East
O0082,2025-04-30,C091,Online,Completed,Jaipur,North
O0083,2025-03-31,C062,Marketplace,Completed,Pune,West
O0084,2025-03-06,C009,Store,Returned,Mumbai,West
O0085,2025-08-20,C093,Online,Cancelled,Nagpur,West
O0086,2025-07-25,C079,Marketplace,Completed,Hyderabad,South
O0087,2025-06-14,C056,Online,Cancelled,Nagpur,West
O0088,2025-07-15,C042,Marketplace,Cancelled,Nashik,West
O0089,2025-12-02,C055,Marketplace,Returned,Pune,West
O0090,2025-07-24,C081,Marketplace,Completed,Kolkata,East
O0091,2025-12-18,C093,Online,Completed,Nagpur,West
O0092,2025-03-08,C059,Online,Cancelled,Jaipur,North
O0093,2025-01-27,C095,Marketplace,Completed,Bhubaneswar,East
O0094,2025-04-25,C031,Store,Completed,Kolkata,East
O0095,2025-11-08,C074,Marketplace,Returned,Nagpur,West
O0096,2025-06-29,C089,Online,Completed,Jaipur,North
O0097,2025-07-12,C009,Store,Completed,Mumbai,West
O0098,2025-01-27,C024,Online,Completed,Nashik,West
O0099,2025-08-01,C016,Online,Completed,Delhi,North
O0100,2025-09-27,C053,Store,Returned,Nagpur,West
O0101,2025-06-04,C093,Online,Completed,Nagpur,West
O0102,2025-07-14,C010,Marketplace,Cancelled,Lucknow,North
O0103,2025-07-23,C002,Online,Returned,Bhubaneswar,East
O0104,2025-10-21,C051,Marketplace,Completed,Jaipur,North
O0105,2025-12-20,C056,Online,Completed,Nagpur,West
O0106,2025-07-22,C061,Marketplace,Completed,Chennai,South
O0107,2025-09-29,C050,Online,Cancelled,Nagpur,West
O0108,2025-04-12,C058,Marketplace,Completed,Nagpur,West
O0109,2025-08-26,C098,Marketplace,Cancelled,Bengaluru,South
O0110,2025-11-18,C076,Online,Completed,Delhi,North
O0111,2025-10-30,C072,Store,Completed,Chennai,South
O0112,2025-11-27,C010,Marketplace,Completed,Lucknow,North
O0113,2025-10-20,C055,Online,Returned,Pune,West
O0114,2025-02-22,C079,Marketplace,Completed,Hyderabad,South
O0115,2025-08-13,C050,Marketplace,Cancelled,Nagpur,West
O0116,2025-11-20,C098,Store,Returned,Bengaluru,South
O0117,2025-12-03,C085,Online,Cancelled,Delhi,North
O0118,2025-12-02,C075,Marketplace,Returned,Delhi,North
O0119,2025-11-26,C003,Online,Completed,Lucknow,North
O0120,2025-09-18,C058,Online,Completed,Nagpur,West
O0121,2025-04-09,C084,Online,Completed,Bhubaneswar,East
O0122,2025-12-05,C037,Marketplace,Completed,Pune,West
O0123,2025-08-13,C069,Store,Completed,Nashik,West
O0124,2025-04-30,C069,Online,Cancelled,Nashik,West
O0125,2025-07-08,C072,Marketplace,Returned,Chennai,South
O0126,2025-01-27,C054,Store,Returned,Chennai,South
O0127,2025-05-20,C047,Marketplace,Completed,Nagpur,West
O0128,2025-01-14,C004,Online,Completed,Nagpur,West
O0129,2025-04-25,C015,Store,Completed,Nagpur,West
O0130,2025-12-23,C064,Marketplace,Completed,Chennai,South
O0131,2025-10-08,C043,Marketplace,Returned,Nagpur,West
O0132,2025-11-24,C057,Store,Cancelled,Nashik,West
O0133,2025-11-20,C071,Marketplace,Cancelled,Lucknow,North
O0134,2025-10-20,C048,Online,Completed,Bhubaneswar,East
O0135,2025-07-19,C027,Online,Completed,Jaipur,North
O0136,2025-05-04,C003,Marketplace,Returned,Lucknow,North
O0137,2025-11-26,C024,Marketplace,Completed,Nashik,West
O0138,2025-02-02,C060,Store,Returned,Mumbai,West
O0139,2025-06-08,C026,Store,Cancelled,Lucknow,North
O0140,2025-05-20,C036,Store,Completed,Hyderabad,South
O0141,2025-06-23,C051,Store,Completed,Jaipur,North
O0142,2025-08-09,C082,Online,Cancelled,Nashik,West
O0143,2025-03-27,C004,Store,Returned,Nagpur,West
O0144,2025-05-21,C084,Online,Returned,Bhubaneswar,East
O0145,2025-01-16,C007,Marketplace,Completed,Nashik,West
O0146,2025-10-18,C085,Marketplace,Completed,Delhi,North
O0147,2025-10-21,C023,Marketplace,Completed,Nagpur,West
O0148,2025-01-14,C027,Online,Returned,Jaipur,North
O0149,2025-11-10,C087,Marketplace,Completed,Pune,West
O0150,2025-12-16,C001,Marketplace,Completed,Bhubaneswar,East
O0151,2025-03-22,C044,Marketplace,Returned,Chennai,South
O0152,2025-01-14,C096,Marketplace,Completed,Nashik,West
O0153,2025-09-03,C003,Store,Cancelled,Lucknow,North
O0154,2025-08-27,C010,Marketplace,Returned,Lucknow,North
O0155,2025-03-08,C088,Marketplace,Completed,Nashik,West
O0156,2025-06-27,C036,Store,Cancelled,Hyderabad,South
O0157,2025-09-15,C069,Online,Returned,Nashik,West
O0158,2025-10-16,C060,Online,Completed,Mumbai,West
O0159,2025-10-20,C051,Marketplace,Completed,Jaipur,North
O0160,2025-05-06,C085,Store,Returned,Delhi,North
O0161,2025-09-05,C070,Online,Completed,Chennai,South
O0162,2025-07-24,C002,Store,Completed,Bhubaneswar,East
O0163,2025-02-19,C053,Store,Completed,Nagpur,West
O0164,2025-03-23,C085,Marketplace,Completed,Delhi,North
O0165,2025-05-04,C052,Marketplace,Completed,Delhi,North
O0166,2025-05-27,C044,Online,Cancelled,Chennai,South
O0167,2025-07-05,C085,Store,Cancelled,Delhi,North
O0168,2025-03-07,C019,Store,Completed,Nashik,West
O0169,2025-04-12,C028,Marketplace,Cancelled,Nashik,West
O0170,2025-08-31,C014,Store,Cancelled,Kolkata,East
O0171,2025-03-25,C019,Marketplace,Completed,Nashik,West
O0172,2025-09-01,C085,Store,Completed,Delhi,North
O0173,2025-11-02,C068,Store,Completed,Jaipur,North
O0174,2025-03-17,C097,Online,Returned,Bhubaneswar,East
O0175,2025-06-10,C080,Online,Completed,Bhubaneswar,East
O0176,2025-02-01,C076,Online,Returned,Delhi,North
O0177,2025-08-24,C027,Store,Cancelled,Jaipur,North
O0178,2025-04-09,C014,Store,Completed,Kolkata,East
O0179,2025-06-12,C018,Store,Completed,Lucknow,North
O0180,2025-07-22,C046,Online,Completed,Mumbai,West
O0181,2025-12-02,C078,Marketplace,Completed,Nashik,West
O0182,2025-03-12,C099,Marketplace,Completed,Pune,West
O0183,2025-01-27,C032,Store,Completed,Kolkata,East
O0184,2025-10-09,C098,Store,Completed,Bengaluru,South
O0185,2025-06-14,C064,Marketplace,Completed,Chennai,South
O0186,2025-03-31,C022,Online,Completed,Mumbai,West
O0187,2025-06-02,C027,Marketplace,Cancelled,Jaipur,North
O0188,2025-03-10,C094,Store,Cancelled,Jaipur,North
O0189,2025-11-28,C041,Marketplace,Completed,Nashik,West
O0190,2025-03-31,C030,Marketplace,Cancelled,Jaipur,North
O0191,2025-06-15,C067,Online,Completed,Pune,West
O0192,2025-10-26,C027,Marketplace,Returned,Jaipur,North
O0193,2025-08-27,C039,Online,Completed,Pune,West
O0194,2025-11-24,C071,Store,Completed,Lucknow,North
O0195,2025-08-01,C045,Marketplace,Returned,Jaipur,North
O0196,2025-09-27,C001,Marketplace,Completed,Bhubaneswar,East
O0197,2025-10-21,C022,Online,Cancelled,Mumbai,West
O0198,2025-10-26,C012,Online,Completed,Jaipur,North
O0199,2025-12-11,C001,Marketplace,Completed,Bhubaneswar,East
O0200,2025-01-24,C070,Store,Completed,Chennai,South
O0201,2025-01-17,C063,Store,Completed,Bengaluru,South
O0202,2025-07-11,C053,Store,Completed,Nagpur,West
O0203,2025-03-02,C016,Marketplace,Completed,Delhi,North
O0204,2025-06-02,C053,Marketplace,Completed,Nagpur,West
O0205,2025-05-22,C070,Marketplace,Completed,Chennai,South
O0206,2025-02-21,C043,Online,Cancelled,Nagpur,West
O0207,2025-07-25,C055,Online,Completed,Pune,West
O0208,2025-10-23,C057,Marketplace,Cancelled,Nashik,West
O0209,2025-11-17,C062,Store,Returned,Pune,West
O0210,2025-12-23,C009,Store,Completed,Mumbai,West
O0211,2025-06-03,C012,Online,Returned,Jaipur,North
O0212,2025-04-15,C059,Marketplace,Completed,Jaipur,North
O0213,2025-01-27,C094,Store,Completed,Jaipur,North
O0214,2025-09-03,C021,Store,Completed,Pune,West
O0215,2025-09-03,C064,Marketplace,Completed,Chennai,South
O0216,2025-06-07,C040,Store,Completed,Mumbai,West
O0217,2025-04-15,C088,Store,Completed,Nashik,West
O0218,2025-05-14,C022,Marketplace,Cancelled,Mumbai,West
O0219,2025-09-13,C032,Marketplace,Cancelled,Kolkata,East
O0220,2025-03-28,C036,Marketplace,Completed,Hyderabad,South
O0221,2025-12-09,C043,Online,Completed,Nagpur,West
O0222,2025-01-05,C052,Marketplace,Completed,Delhi,North
O0223,2025-12-04,C083,Online,Completed,Nashik,West
O0224,2025-01-09,C017,Marketplace,Cancelled,Hyderabad,South
O0225,2025-04-09,C099,Marketplace,Cancelled,Pune,West
O0226,2025-08-24,C076,Online,Cancelled,Delhi,North
O0227,2025-10-10,C063,Online,Completed,Bengaluru,South
O0228,2025-10-17,C042,Marketplace,Completed,Nashik,West
O0229,2025-10-06,C064,Marketplace,Cancelled,Chennai,South
O0230,2025-12-31,C048,Online,Completed,Bhubaneswar,East
O0231,2025-12-13,C044,Store,Cancelled,Chennai,South
O0232,2025-01-28,C025,Store,Completed,Jaipur,North
O0233,2025-06-17,C013,Marketplace,Completed,Lucknow,North
O0234,2025-08-10,C051,Marketplace,Completed,Jaipur,North
O0235,2025-05-18,C030,Store,Completed,Jaipur,North
O0236,2025-06-07,C095,Store,Completed,Bhubaneswar,East
O0237,2025-02-22,C038,Online,Completed,Mumbai,West
O0238,2025-01-07,C037,Store,Completed,Pune,West
O0239,2025-10-20,C090,Online,Cancelled,Jaipur,North
O0240,2025-08-11,C054,Store,Completed,Chennai,South
O0241,2025-11-17,C043,Marketplace,Completed,Nagpur,West
O0242,2025-06-18,C058,Store,Completed,Nagpur,West
O0243,2025-06-03,C059,Marketplace,Completed,Jaipur,North
O0244,2025-10-22,C058,Store,Completed,Nagpur,West
O0245,2025-10-31,C049,Online,Cancelled,Pune,West
O0246,2025-12-21,C056,Store,Completed,Nagpur,West
O0247,2025-07-13,C055,Store,Completed,Pune,West
O0248,2025-02-25,C048,Marketplace,Completed,Bhubaneswar,East
O0249,2025-06-19,C043,Online,Completed,Nagpur,West
O0250,2025-08-17,C090,Store,Completed,Jaipur,North
O0251,2025-01-13,C018,Online,Completed,Lucknow,North
O0252,2025-06-28,C081,Store,Completed,Kolkata,East
O0253,2025-08-13,C017,Marketplace,Returned,Hyderabad,South
O0254,2025-01-12,C069,Marketplace,Completed,Nashik,West
O0255,2025-10-10,C012,Store,Completed,Jaipur,North
O0256,2025-07-22,C021,Marketplace,Completed,Pune,West
O0257,2025-05-23,C093,Online,Returned,Nagpur,West
O0258,2025-05-15,C024,Store,Returned,Nashik,West
O0259,2025-06-30,C099,Marketplace,Completed,Pune,West
O0260,2025-12-11,C003,Store,Completed,Lucknow,North
O0261,2025-09-19,C053,Store,Completed,Nagpur,West
O0262,2025-10-12,C095,Store,Completed,Bhubaneswar,East
O0263,2025-01-05,C012,Online,Completed,Jaipur,North
O0264,2025-07-29,C023,Store,Returned,Nagpur,West
O0265,2025-04-23,C055,Online,Completed,Pune,West
O0266,2025-10-09,C093,Online,Cancelled,Nagpur,West
O0267,2025-08-14,C003,Online,Cancelled,Lucknow,North
O0268,2025-08-13,C069,Online,Completed,Nashik,West
O0269,2025-03-26,C082,Online,Cancelled,Nashik,West
O0270,2025-06-15,C047,Store,Returned,Nagpur,West
O0271,2025-03-11,C056,Online,Completed,Nagpur,West
O0272,2025-09-08,C034,Marketplace,Completed,Nashik,West
O0273,2025-07-26,C035,Marketplace,Cancelled,Kolkata,East
O0274,2025-06-17,C044,Online,Cancelled,Chennai,South
O0275,2025-10-01,C060,Online,Completed,Mumbai,West
O0276,2025-01-24,C058,Marketplace,Completed,Nagpur,West
O0277,2025-08-08,C085,Marketplace,Completed,Delhi,North
O0278,2025-12-07,C090,Online,Returned,Jaipur,North
O0279,2025-08-08,C018,Online,Returned,Lucknow,North
O0280,2025-01-05,C081,Marketplace,Completed,Kolkata,East
O0281,2025-02-06,C067,Store,Completed,Pune,West
O0282,2025-03-12,C093,Online,Completed,Nagpur,West
O0283,2025-08-14,C023,Marketplace,Completed,Nagpur,West
O0284,2025-04-22,C076,Online,Completed,Delhi,North
O0285,2025-06-11,C056,Online,Completed,Nagpur,West
O0286,2025-12-20,C080,Marketplace,Completed,Bhubaneswar,East
O0287,2025-09-11,C054,Online,Completed,Chennai,South
O0288,2025-07-04,C028,Online,Completed,Nashik,West
O0289,2025-08-30,C002,Online,Completed,Bhubaneswar,East
O0290,2025-09-17,C096,Marketplace,Completed,Nashik,West
O0291,2025-05-23,C073,Store,Completed,Hyderabad,South
O0292,2025-10-28,C098,Marketplace,Returned,Bengaluru,South
O0293,2025-08-11,C058,Store,Completed,Nagpur,West
O0294,2025-12-29,C025,Marketplace,Completed,Jaipur,North
O0295,2025-03-27,C031,Online,Completed,Kolkata,East
O0296,2025-05-20,C098,Online,Cancelled,Bengaluru,South
O0297,2025-09-19,C087,Online,Completed,Pune,West
O0298,2025-04-27,C070,Marketplace,Returned,Chennai,South
O0299,2025-07-06,C089,Online,Completed,Jaipur,North
O0300,2025-04-25,C028,Online,Completed,Nashik,West
O0301,2025-03-03,C035,Marketplace,Cancelled,Kolkata,East
O0302,2025-06-17,C008,Marketplace,Completed,Nashik,West
O0303,2025-11-15,C063,Store,Completed,Bengaluru,South
O0304,2025-03-19,C063,Store,Completed,Bengaluru,South
O0305,2025-06-21,C079,Marketplace,Completed,Hyderabad,South
O0306,2025-08-03,C083,Online,Completed,Nashik,West
O0307,2025-10-25,C074,Marketplace,Completed,Nagpur,West
O0308,2025-08-11,C058,Online,Returned,Nagpur,West
O0309,2025-12-25,C022,Store,Returned,Mumbai,West
O0310,2025-10-27,C050,Online,Completed,Nagpur,West
O0311,2025-04-17,C089,Store,Completed,Jaipur,North
O0312,2025-12-27,C039,Marketplace,Returned,Pune,West
O0313,2025-07-02,C053,Marketplace,Completed,Nagpur,West
O0314,2025-08-20,C037,Marketplace,Cancelled,Pune,West
O0315,2025-04-24,C018,Online,Completed,Lucknow,North
O0316,2025-01-12,C084,Online,Completed,Bhubaneswar,East
O0317,2025-07-22,C011,Online,Completed,Jaipur,North
O0318,2025-05-21,C001,Store,Completed,Bhubaneswar,East
O0319,2025-02-01,C018,Store,Completed,Lucknow,North
O0320,2025-11-19,C073,Online,Cancelled,Hyderabad,South
O0321,2025-06-13,C002,Online,Cancelled,Bhubaneswar,East
O0322,2025-09-29,C024,Marketplace,Completed,Nashik,West
O0323,2025-07-01,C067,Online,Completed,Pune,West
O0324,2025-12-27,C098,Store,Returned,Bengaluru,South
O0325,2025-01-29,C055,Marketplace,Completed,Pune,West
O0326,2025-03-08,C065,Marketplace,Completed,Nashik,West
O0327,2025-10-28,C092,Online,Returned,Bengaluru,South
O0328,2025-10-28,C061,Store,Completed,Chennai,South
O0329,2025-11-24,C088,Marketplace,Completed,Nashik,West
O0330,2025-04-25,C018,Marketplace,Returned,Lucknow,North
O0331,2025-10-18,C068,Online,Completed,Jaipur,North
O0332,2025-03-14,C030,Marketplace,Completed,Jaipur,North
O0333,2025-12-29,C044,Marketplace,Returned,Chennai,South
O0334,2025-05-12,C002,Marketplace,Completed,Bhubaneswar,East
O0335,2025-07-31,C070,Store,Completed,Chennai,South
O0336,2025-03-25,C015,Online,Completed,Nagpur,West
O0337,2025-07-12,C024,Marketplace,Completed,Nashik,West
O0338,2025-12-27,C036,Store,Completed,Hyderabad,South
O0339,2025-12-05,C010,Store,Completed,Lucknow,North
O0340,2025-03-20,C081,Store,Completed,Kolkata,East
O0341,2025-04-13,C100,Online,Completed,Delhi,North
O0342,2025-06-07,C061,Store,Completed,Chennai,South
O0343,2025-07-09,C050,Store,Completed,Nagpur,West
O0344,2025-10-16,C005,Online,Completed,Jaipur,North
O0345,2025-10-11,C094,Store,Completed,Jaipur,North
O0346,2025-07-22,C040,Online,Returned,Mumbai,West
O0347,2025-03-30,C032,Online,Completed,Kolkata,East
O0348,2025-06-13,C005,Online,Returned,Jaipur,North
O0349,2025-09-24,C004,Online,Completed,Nagpur,West
O0350,2025-10-18,C028,Marketplace,Cancelled,Nashik,West
O0351,2025-07-30,C013,Store,Completed,Lucknow,North
O0352,2025-01-20,C078,Store,Completed,Nashik,West
O0353,2025-05-24,C001,Marketplace,Completed,Bhubaneswar,East
O0354,2025-05-18,C034,Store,Returned,Nashik,West
O0355,2025-01-29,C001,Online,Cancelled,Bhubaneswar,East
O0356,2025-03-30,C062,Online,Completed,Pune,West
O0357,2025-09-16,C074,Marketplace,Completed,Nagpur,West
O0358,2025-06-26,C097,Store,Completed,Bhubaneswar,East
O0359,2025-04-24,C022,Online,Returned,Mumbai,West
O0360,2025-11-04,C094,Online,Completed,Jaipur,North
O0361,2025-08-05,C027,Store,Completed,Jaipur,North
O0362,2025-10-27,C012,Online,Completed,Jaipur,North
O0363,2025-12-17,C058,Store,Completed,Nagpur,West
O0364,2025-05-14,C084,Marketplace,Returned,Bhubaneswar,East
O0365,2025-12-02,C086,Store,Completed,Kolkata,East
O0366,2025-06-25,C021,Marketplace,Returned,Pune,West
O0367,2025-09-17,C031,Online,Completed,Kolkata,East
O0368,2025-12-15,C031,Marketplace,Completed,Kolkata,East
O0369,2025-06-19,C046,Store,Completed,Mumbai,West
O0370,2025-08-30,C086,Marketplace,Completed,Kolkata,East
O0371,2025-03-19,C003,Online,Completed,Lucknow,North
O0372,2025-02-11,C067,Store,Completed,Pune,West
O0373,2025-10-23,C015,Store,Completed,Nagpur,West
O0374,2025-09-02,C083,Online,Completed,Nashik,West
O0375,2025-09-29,C025,Online,Completed,Jaipur,North
O0376,2025-07-16,C007,Marketplace,Cancelled,Nashik,West
O0377,2025-08-22,C069,Marketplace,Returned,Nashik,West
O0378,2025-07-03,C020,Online,Completed,Nagpur,West
O0379,2025-10-29,C012,Online,Cancelled,Jaipur,North
O0380,2025-10-01,C092,Online,Cancelled,Bengaluru,South
O0381,2025-08-02,C072,Store,Completed,Chennai,South
O0382,2025-06-04,C039,Marketplace,Completed,Pune,West
O0383,2025-08-03,C011,Marketplace,Completed,Jaipur,North
O0384,2025-05-15,C005,Online,Cancelled,Jaipur,North
O0385,2025-04-17,C017,Store,Returned,Hyderabad,South
O0386,2025-10-21,C053,Store,Returned,Nagpur,West
O0387,2025-05-12,C086,Online,Returned,Kolkata,East
O0388,2025-03-31,C004,Store,Completed,Nagpur,West
O0389,2025-01-24,C028,Online,Completed,Nashik,West
O0390,2025-07-10,C066,Online,Completed,Lucknow,North
O0391,2025-12-20,C011,Store,Completed,Jaipur,North
O0392,2025-02-23,C054,Marketplace,Completed,Chennai,South
O0393,2025-12-17,C035,Online,Returned,Kolkata,East
O0394,2025-01-07,C016,Marketplace,Returned,Delhi,North
O0395,2025-08-10,C069,Marketplace,Returned,Nashik,West
O0396,2025-10-13,C066,Online,Cancelled,Lucknow,North
O0397,2025-03-26,C003,Store,Completed,Lucknow,North
O0398,2025-10-09,C011,Store,Returned,Jaipur,North
O0399,2025-02-15,C082,Store,Completed,Nashik,West
O0400,2025-07-26,C049,Online,Completed,Pune,West
O0401,2025-12-02,C024,Store,Returned,Nashik,West
O0402,2025-02-28,C078,Marketplace,Completed,Nashik,West
O0403,2025-10-08,C012,Store,Cancelled,Jaipur,North
O0404,2025-02-24,C001,Marketplace,Completed,Bhubaneswar,East
O0405,2025-06-23,C067,Store,Completed,Pune,West
O0406,2025-08-23,C082,Marketplace,Returned,Nashik,West
O0407,2025-12-21,C070,Online,Cancelled,Chennai,South
O0408,2025-08-03,C095,Marketplace,Cancelled,Bhubaneswar,East
O0409,2025-07-31,C068,Marketplace,Cancelled,Jaipur,North
O0410,2025-04-18,C052,Marketplace,Cancelled,Delhi,North
O0411,2025-09-15,C075,Marketplace,Cancelled,Delhi,North
O0412,2025-12-12,C026,Marketplace,Returned,Lucknow,North
O0413,2025-07-15,C074,Online,Completed,Nagpur,West
O0414,2025-12-20,C010,Online,Completed,Lucknow,North
O0415,2025-11-28,C050,Store,Cancelled,Nagpur,West
O0416,2025-07-15,C002,Store,Completed,Bhubaneswar,East
O0417,2025-10-29,C064,Marketplace,Cancelled,Chennai,South
O0418,2025-04-06,C033,Marketplace,Completed,Nashik,West
O0419,2025-01-03,C076,Store,Completed,Delhi,North
O0420,2025-09-09,C021,Marketplace,Cancelled,Pune,West
O0421,2025-09-24,C082,Marketplace,Completed,Nashik,West
O0422,2025-04-20,C048,Store,Returned,Bhubaneswar,East
O0423,2025-02-28,C076,Store,Returned,Delhi,North
O0424,2025-01-21,C048,Store,Returned,Bhubaneswar,East
O0425,2025-01-13,C046,Store,Cancelled,Mumbai,West
O0426,2025-02-19,C022,Marketplace,Completed,Mumbai,West
O0427,2025-02-23,C069,Marketplace,Completed,Nashik,West
O0428,2025-01-13,C087,Marketplace,Completed,Pune,West
O0429,2025-10-13,C062,Marketplace,Completed,Pune,West
O0430,2025-11-25,C070,Marketplace,Returned,Chennai,South
O0431,2025-07-03,C067,Online,Cancelled,Pune,West
O0432,2025-07-15,C099,Marketplace,Completed,Pune,West
O0433,2025-10-07,C089,Marketplace,Completed,Jaipur,North
O0434,2025-10-11,C008,Online,Cancelled,Nashik,West
O0435,2025-06-06,C081,Marketplace,Completed,Kolkata,East
O0436,2025-03-24,C047,Online,Completed,Nagpur,West
O0437,2025-11-27,C011,Online,Cancelled,Jaipur,North
O0438,2025-06-19,C083,Online,Completed,Nashik,West
O0439,2025-06-18,C030,Marketplace,Cancelled,Jaipur,North
O0440,2025-08-08,C092,Online,Completed,Bengaluru,South
O0441,2025-05-22,C020,Online,Completed,Nagpur,West
O0442,2025-10-10,C029,Online,Completed,Mumbai,West
O0443,2025-05-15,C048,Marketplace,Returned,Bhubaneswar,East
O0444,2025-10-25,C047,Store,Cancelled,Nagpur,West
O0445,2025-12-01,C028,Store,Completed,Nashik,West
O0446,2025-03-10,C011,Marketplace,Completed,Jaipur,North
O0447,2025-09-21,C091,Store,Completed,Jaipur,North
O0448,2025-09-05,C010,Online,Completed,Lucknow,North
O0449,2025-01-22,C015,Online,Returned,Nagpur,West
O0450,2025-11-29,C082,Online,Completed,Nashik,West
O0451,2025-07-12,C039,Store,Returned,Pune,West
O0452,2025-04-25,C085,Store,Cancelled,Delhi,North
O0453,2025-09-14,C004,Store,Completed,Nagpur,West
O0454,2025-04-06,C027,Store,Completed,Jaipur,North
O0455,2025-12-12,C006,Store,Completed,Nagpur,West
O0456,2025-10-21,C050,Online,Cancelled,Nagpur,West
O0457,2025-05-13,C066,Marketplace,Completed,Lucknow,North
O0458,2025-09-04,C088,Online,Completed,Nashik,West
O0459,2025-08-21,C054,Marketplace,Cancelled,Chennai,South
O0460,2025-09-25,C061,Marketplace,Cancelled,Chennai,South
O0461,2025-09-30,C056,Online,Cancelled,Nagpur,West
O0462,2025-12-14,C049,Store,Returned,Pune,West
O0463,2025-07-15,C061,Marketplace,Completed,Chennai,South
O0464,2025-05-26,C093,Marketplace,Cancelled,Nagpur,West
O0465,2025-10-23,C095,Online,Cancelled,Bhubaneswar,East
O0466,2025-03-21,C023,Marketplace,Completed,Nagpur,West
O0467,2025-04-15,C074,Marketplace,Completed,Nagpur,West
O0468,2025-10-23,C064,Marketplace,Completed,Chennai,South
O0469,2025-08-17,C050,Online,Returned,Nagpur,West
O0470,2025-03-24,C080,Marketplace,Completed,Bhubaneswar,East
O0471,2025-02-15,C001,Store,Completed,Bhubaneswar,East
O0472,2025-11-11,C020,Marketplace,Returned,Nagpur,West
O0473,2025-11-24,C023,Store,Completed,Nagpur,West
O0474,2025-11-03,C085,Marketplace,Cancelled,Delhi,North
O0475,2025-02-14,C044,Store,Completed,Chennai,South
O0476,2025-12-27,C025,Online,Completed,Jaipur,North
O0477,2025-04-26,C022,Online,Cancelled,Mumbai,West
O0478,2025-09-17,C045,Marketplace,Completed,Jaipur,North
O0479,2025-10-03,C015,Store,Cancelled,Nagpur,West
O0480,2025-12-15,C091,Marketplace,Completed,Jaipur,North
O0481,2025-06-11,C039,Store,Completed,Pune,West
O0482,2025-02-08,C063,Online,Cancelled,Bengaluru,South
O0483,2025-09-13,C066,Online,Returned,Lucknow,North
O0484,2025-05-08,C048,Store,Cancelled,Bhubaneswar,East
O0485,2025-11-11,C013,Marketplace,Completed,Lucknow,North
O0486,2025-07-23,C064,Marketplace,Completed,Chennai,South
O0487,2025-09-15,C040,Store,Completed,Mumbai,West
O0488,2025-12-12,C048,Store,Completed,Bhubaneswar,East
O0489,2025-05-18,C057,Marketplace,Completed,Nashik,West
O0490,2025-07-06,C021,Store,Completed,Pune,West
O0491,2025-05-19,C062,Marketplace,Completed,Pune,West
O0492,2025-08-31,C016,Online,Completed,Delhi,North
O0493,2025-09-07,C036,Store,Completed,Hyderabad,South
O0494,2025-09-01,C006,Online,Returned,Nagpur,West
O0495,2025-06-26,C078,Store,Completed,Nashik,West
O0496,2025-05-26,C045,Store,Completed,Jaipur,North
O0497,2025-08-26,C056,Online,Returned,Nagpur,West
O0498,2025-04-27,C012,Store,Completed,Jaipur,North
O0499,2025-10-28,C067,Store,Cancelled,Pune,West
O0500,2025-12-05,C057,Marketplace,Completed,Nashik,West
