OrderID,ProductID,Quantity,UnitPrice,DiscountPct
O0001,P002,1,2564,0.05
O0001,P001,1,7421,0.15
O0002,P020,1,8282,0.15
O0002,P007,1,4873,0.05
O0002,P001,1,7421,0.1
O0003,P003,1,6106,0.1
O0003,P006,1,2986,0.1
O0004,P001,1,7421,0.0
O0004,P016,1,4889,0.05
O0005,P003,1,6106,0.1
O0006,P014,1,6668,0.0
O0006,P015,1,4274,0.05
O0006,P008,1,7611,0.0
O0007,P002,1,2564,0.15
O0008,P008,1,7611,0.0
O0008,P017,2,8068,0.0
O0009,P004,3,3389,0.05
O0009,P013,1,5587,0.15
O0010,P008,1,7611,0.0
O0010,P004,2,3389,0.15
O0011,P008,1,7611,0.0
O0012,P009,1,8394,0.0
O0013,P006,1,2986,0.0
O0013,P016,2,4889,0.05
O0014,P004,1,3389,0.05
O0015,P014,1,6668,0.0
O0015,P005,1,1268,0.0
O0016,P005,1,1268,0.0
O0016,P004,2,3389,0.0
O0017,P001,1,7421,0.05
O0017,P009,1,8394,0.05
O0018,P003,1,6106,0.05
O0019,P005,1,1268,0.0
O0020,P005,1,1268,0.0
O0020,P007,1,4873,0.0
O0020,P016,1,4889,0.15
O0021,P015,1,4274,0.1
O0021,P003,3,6106,0.15
O0022,P007,1,4873,0.15
O0023,P017,1,8068,0.15
O0024,P011,1,2162,0.0
O0024,P008,1,7611,0.05
O0025,P005,1,1268,0.05
O0026,P008,1,7611,0.1
O0027,P014,2,6668,0.1
O0028,P001,1,7421,0.1
O0029,P012,1,2874,0.0
O0030,P014,1,6668,0.15
O0030,P008,1,7611,0.1
O0030,P002,2,2564,0.15
O0031,P006,1,2986,0.0
O0032,P016,3,4889,0.1
O0033,P013,2,5587,0.0
O0034,P004,2,3389,0.1
O0034,P014,1,6668,0.0
O0035,P015,1,4274,0.0
O0036,P008,1,7611,0.05
O0036,P012,1,2874,0.0
O0036,P010,1,7884,0.05
O0037,P017,1,8068,0.0
O0037,P003,1,6106,0.0
O0037,P012,1,2874,0.15
O0038,P005,1,1268,0.05
O0038,P009,1,8394,0.1
O0038,P013,1,5587,0.1
O0038,P020,1,8282,0.05
O0039,P005,3,1268,0.0
O0040,P012,1,2874,0.0
O0040,P009,1,8394,0.0
O0041,P010,1,7884,0.05
O0042,P016,2,4889,0.05
O0042,P004,1,3389,0.0
O0043,P012,1,2874,0.15
O0044,P014,1,6668,0.0
O0044,P015,1,4274,0.05
O0045,P019,1,4272,0.0
O0045,P020,3,8282,0.1
O0046,P017,2,8068,0.05
O0047,P020,2,8282,0.0
O0048,P010,1,7884,0.05
O0049,P002,1,2564,0.0
O0050,P013,1,5587,0.0
O0050,P005,1,1268,0.0
O0050,P016,1,4889,0.05
O0051,P020,1,8282,0.15
O0052,P010,1,7884,0.0
O0052,P017,1,8068,0.0
O0053,P016,1,4889,0.15
O0053,P011,1,2162,0.15
O0053,P007,1,4873,0.05
O0054,P015,2,4274,0.1
O0055,P016,2,4889,0.0
O0056,P012,1,2874,0.0
O0056,P017,1,8068,0.05
O0056,P020,1,8282,0.1
O0056,P018,2,2786,0.05
O0057,P005,1,1268,0.05
O0057,P002,1,2564,0.15
O0058,P014,1,6668,0.0
O0058,P016,1,4889,0.1
O0058,P008,1,7611,0.0
O0058,P005,2,1268,0.05
O0059,P007,1,4873,0.0
O0060,P007,1,4873,0.0
O0061,P011,1,2162,0.1
O0061,P001,1,7421,0.0
O0061,P003,1,6106,0.15
O0062,P007,1,4873,0.0
O0062,P008,1,7611,0.15
O0063,P004,1,3389,0.0
O0064,P012,1,2874,0.05
O0065,P014,1,6668,0.05
O0066,P012,1,2874,0.0
O0066,P002,3,2564,0.0
O0067,P001,1,7421,0.05
O0067,P014,2,6668,0.0
O0067,P012,1,2874,0.1
O0068,P017,1,8068,0.0
O0068,P018,1,2786,0.15
O0068,P008,2,7611,0.0
O0068,P007,2,4873,0.15
O0069,P002,1,2564,0.0
O0070,P008,1,7611,0.05
O0070,P019,1,4272,0.0
O0071,P007,1,4873,0.1
O0072,P015,1,4274,0.05
O0072,P018,3,2786,0.0
O0072,P012,2,2874,0.0
O0073,P001,2,7421,0.05
O0073,P011,3,2162,0.1
O0073,P002,1,2564,0.05
O0074,P009,1,8394,0.15
O0074,P008,2,7611,0.0
O0075,P019,1,4272,0.15
O0076,P001,1,7421,0.0
O0077,P008,1,7611,0.05
O0077,P003,1,6106,0.15
O0077,P007,1,4873,0.1
O0078,P006,1,2986,0.0
O0078,P016,1,4889,0.0
O0078,P012,1,2874,0.05
O0079,P006,3,2986,0.0
O0079,P016,1,4889,0.0
O0080,P005,1,1268,0.0
O0081,P004,2,3389,0.1
O0082,P003,1,6106,0.0
O0082,P005,2,1268,0.0
O0083,P001,1,7421,0.0
O0083,P016,2,4889,0.0
O0083,P013,1,5587,0.0
O0084,P003,2,6106,0.05
O0084,P017,1,8068,0.0
O0085,P010,1,7884,0.15
O0085,P002,1,2564,0.05
O0085,P009,1,8394,0.0
O0086,P012,1,2874,0.05
O0087,P020,1,8282,0.15
O0088,P014,1,6668,0.05
O0089,P018,1,2786,0.05
O0089,P012,2,2874,0.05
O0090,P019,1,4272,0.15
O0091,P018,1,2786,0.05
O0092,P008,1,7611,0.0
O0092,P007,1,4873,0.05
O0093,P008,1,7611,0.1
O0094,P008,1,7611,0.0
O0094,P009,1,8394,0.05
O0094,P012,2,2874,0.1
O0095,P019,1,4272,0.15
O0096,P015,1,4274,0.05
O0096,P013,1,5587,0.15
O0096,P017,1,8068,0.0
O0097,P006,1,2986,0.15
O0098,P013,1,5587,0.0
O0098,P014,1,6668,0.15
O0099,P010,1,7884,0.05
O0099,P019,1,4272,0.15
O0100,P010,1,7884,0.1
O0101,P010,1,7884,0.0
O0101,P016,1,4889,0.15
O0102,P006,1,2986,0.15
O0103,P002,1,2564,0.0
O0104,P013,1,5587,0.05
O0104,P003,1,6106,0.0
O0105,P009,1,8394,0.05
O0106,P003,1,6106,0.0
O0107,P010,1,7884,0.15
O0107,P014,3,6668,0.15
O0107,P006,2,2986,0.0
O0108,P019,2,4272,0.0
O0109,P007,2,4873,0.1
O0110,P006,1,2986,0.15
O0111,P012,1,2874,0.05
O0111,P015,1,4274,0.0
O0112,P008,1,7611,0.1
O0112,P004,1,3389,0.15
O0113,P014,1,6668,0.0
O0114,P005,1,1268,0.0
O0115,P010,1,7884,0.0
O0115,P002,1,2564,0.0
O0116,P019,1,4272,0.15
O0117,P003,1,6106,0.0
O0118,P003,1,6106,0.0
O0119,P009,2,8394,0.15
O0119,P008,3,7611,0.1
O0120,P007,1,4873,0.0
O0121,P004,1,3389,0.0
O0122,P017,1,8068,0.0
O0123,P002,1,2564,0.05
O0124,P001,2,7421,0.05
O0125,P012,1,2874,0.0
O0125,P009,2,8394,0.1
O0125,P006,1,2986,0.0
O0125,P001,2,7421,0.1
O0126,P003,1,6106,0.0
O0126,P007,1,4873,0.1
O0126,P004,2,3389,0.0
O0127,P018,1,2786,0.0
O0128,P015,1,4274,0.05
O0129,P004,2,3389,0.15
O0129,P019,1,4272,0.0
O0129,P014,1,6668,0.0
O0130,P010,1,7884,0.0
O0131,P002,1,2564,0.0
O0131,P005,1,1268,0.0
O0132,P006,2,2986,0.05
O0133,P013,1,5587,0.05
O0134,P009,1,8394,0.0
O0134,P011,1,2162,0.1
O0135,P006,3,2986,0.0
O0135,P018,2,2786,0.0
O0136,P013,2,5587,0.15
O0136,P018,2,2786,0.0
O0137,P003,1,6106,0.15
O0138,P009,1,8394,0.0
O0139,P013,1,5587,0.0
O0139,P004,1,3389,0.15
O0139,P002,1,2564,0.0
O0139,P010,2,7884,0.0
O0140,P011,1,2162,0.05
O0141,P011,1,2162,0.1
O0141,P016,1,4889,0.0
O0142,P010,1,7884,0.0
O0142,P008,1,7611,0.0
O0143,P010,1,7884,0.0
O0144,P003,1,6106,0.0
O0145,P010,1,7884,0.0
O0145,P012,1,2874,0.15
O0146,P001,1,7421,0.0
O0147,P011,1,2162,0.0
O0148,P018,1,2786,0.1
O0148,P013,1,5587,0.0
O0149,P020,1,8282,0.0
O0149,P006,1,2986,0.0
O0149,P014,1,6668,0.15
O0150,P008,1,7611,0.1
O0151,P013,1,5587,0.0
O0151,P011,1,2162,0.0
O0151,P020,3,8282,0.0
O0152,P005,1,1268,0.1
O0152,P008,1,7611,0.0
O0153,P005,2,1268,0.0
O0153,P004,1,3389,0.0
O0154,P012,2,2874,0.1
O0155,P017,1,8068,0.0
O0155,P002,1,2564,0.0
O0155,P003,1,6106,0.0
O0156,P006,1,2986,0.15
O0156,P013,3,5587,0.0
O0156,P016,1,4889,0.0
O0157,P014,1,6668,0.0
O0157,P007,1,4873,0.15
O0158,P017,2,8068,0.1
O0159,P016,1,4889,0.15
O0159,P011,1,2162,0.15
O0160,P006,1,2986,0.0
O0161,P020,1,8282,0.15
O0162,P006,1,2986,0.0
O0162,P004,1,3389,0.0
O0163,P013,2,5587,0.05
O0163,P015,1,4274,0.0
O0163,P006,2,2986,0.1
O0164,P006,2,2986,0.05
O0165,P005,1,1268,0.05
O0166,P009,1,8394,0.0
O0166,P012,2,2874,0.05
O0166,P003,1,6106,0.05
O0167,P013,1,5587,0.1
O0168,P005,3,1268,0.1
O0169,P006,1,2986,0.0
O0170,P012,2,2874,0.0
O0171,P015,1,4274,0.0
O0171,P010,1,7884,0.1
O0172,P011,1,2162,0.05
O0173,P007,2,4873,0.1
O0173,P001,1,7421,0.15
O0173,P014,1,6668,0.05
O0173,P002,1,2564,0.15
O0174,P011,2,2162,0.0
O0175,P019,1,4272,0.1
O0176,P007,1,4873,0.15
O0176,P002,1,2564,0.05
O0177,P005,1,1268,0.15
O0177,P016,1,4889,0.15
O0178,P008,1,7611,0.0
O0178,P016,2,4889,0.15
O0179,P009,2,8394,0.15
O0179,P007,1,4873,0.0
O0180,P007,1,4873,0.15
O0181,P004,1,3389,0.1
O0182,P013,1,5587,0.0
O0182,P005,1,1268,0.1
O0183,P016,1,4889,0.15
O0184,P010,2,7884,0.05
O0184,P016,1,4889,0.0
O0185,P008,2,7611,0.15
O0186,P018,1,2786,0.05
O0186,P006,2,2986,0.0
O0186,P012,2,2874,0.0
O0187,P003,3,6106,0.0
O0188,P018,2,2786,0.0
O0189,P006,2,2986,0.0
O0190,P020,2,8282,0.1
O0190,P003,1,6106,0.05
O0190,P001,1,7421,0.0
O0191,P017,1,8068,0.0
O0192,P005,1,1268,0.15
O0193,P006,1,2986,0.15
O0194,P008,1,7611,0.0
O0194,P001,1,7421,0.05
O0195,P011,2,2162,0.15
O0195,P014,2,6668,0.0
O0195,P008,1,7611,0.1
O0196,P011,1,2162,0.1
O0196,P006,1,2986,0.1
O0197,P009,2,8394,0.05
O0198,P010,1,7884,0.0
O0198,P019,1,4272,0.1
O0198,P020,1,8282,0.1
O0199,P006,1,2986,0.0
O0200,P019,1,4272,0.0
O0200,P007,2,4873,0.0
O0201,P014,1,6668,0.15
O0202,P017,2,8068,0.05
O0202,P005,1,1268,0.15
O0202,P012,2,2874,0.0
O0203,P016,1,4889,0.0
O0204,P018,1,2786,0.05
O0204,P006,2,2986,0.0
O0205,P006,1,2986,0.15
O0205,P008,1,7611,0.0
O0206,P001,1,7421,0.0
O0207,P013,2,5587,0.0
O0207,P011,1,2162,0.0
O0208,P006,1,2986,0.0
O0208,P008,3,7611,0.1
O0208,P018,1,2786,0.0
O0209,P013,1,5587,0.0
O0209,P018,2,2786,0.15
O0210,P019,1,4272,0.1
O0211,P020,2,8282,0.1
O0211,P017,1,8068,0.05
O0211,P016,1,4889,0.0
O0212,P011,1,2162,0.0
O0213,P006,1,2986,0.0
O0213,P016,1,4889,0.1
O0214,P012,2,2874,0.0
O0215,P004,1,3389,0.0
O0215,P005,1,1268,0.0
O0216,P006,1,2986,0.0
O0216,P015,2,4274,0.15
O0217,P007,1,4873,0.0
O0218,P010,1,7884,0.0
O0218,P003,1,6106,0.0
O0219,P009,1,8394,0.05
O0219,P005,3,1268,0.15
O0219,P010,2,7884,0.05
O0220,P003,1,6106,0.1
O0220,P007,3,4873,0.0
O0221,P001,2,7421,0.0
O0222,P007,1,4873,0.15
O0223,P004,1,3389,0.0
O0224,P016,2,4889,0.0
O0224,P007,1,4873,0.0
O0225,P001,1,7421,0.05
O0226,P016,1,4889,0.15
O0226,P002,2,2564,0.0
O0226,P019,1,4272,0.15
O0226,P013,2,5587,0.0
O0227,P016,1,4889,0.0
O0227,P011,1,2162,0.05
O0228,P005,1,1268,0.15
O0228,P017,2,8068,0.05
O0228,P019,1,4272,0.0
O0229,P003,2,6106,0.0
O0230,P019,1,4272,0.1
O0231,P001,2,7421,0.15
O0232,P018,1,2786,0.1
O0233,P006,3,2986,0.05
O0234,P006,1,2986,0.1
O0234,P015,1,4274,0.0
O0235,P004,1,3389,0.15
O0235,P001,1,7421,0.0
O0236,P009,1,8394,0.0
O0236,P013,1,5587,0.05
O0237,P017,1,8068,0.1
O0238,P004,1,3389,0.1
O0239,P001,1,7421,0.0
O0239,P012,1,2874,0.05
O0240,P005,2,1268,0.0
O0241,P004,1,3389,0.0
O0241,P011,1,2162,0.05
O0242,P011,2,2162,0.15
O0243,P004,1,3389,0.0
O0243,P019,1,4272,0.05
O0243,P005,3,1268,0.0
O0244,P015,2,4274,0.05
O0245,P008,1,7611,0.15
O0245,P020,1,8282,0.15
O0246,P019,1,4272,0.0
O0246,P004,1,3389,0.15
O0247,P016,1,4889,0.05
O0247,P006,1,2986,0.15
O0247,P002,1,2564,0.0
O0247,P010,2,7884,0.0
O0248,P007,1,4873,0.1
O0248,P010,1,7884,0.15
O0249,P019,1,4272,0.1
O0250,P001,1,7421,0.15
O0251,P018,2,2786,0.0
O0252,P012,1,2874,0.05
O0253,P016,1,4889,0.0
O0254,P001,2,7421,0.15
O0255,P004,3,3389,0.0
O0255,P018,2,2786,0.15
O0256,P013,1,5587,0.1
O0256,P009,1,8394,0.0
O0257,P014,2,6668,0.1
O0257,P012,1,2874,0.0
O0258,P011,1,2162,0.1
O0258,P017,1,8068,0.05
O0259,P005,1,1268,0.0
O0260,P002,1,2564,0.0
O0261,P014,1,6668,0.05
O0261,P008,1,7611,0.15
O0262,P020,1,8282,0.05
O0263,P004,1,3389,0.1
O0264,P018,2,2786,0.05
O0265,P016,1,4889,0.0
O0266,P001,1,7421,0.1
O0266,P015,2,4274,0.0
O0267,P014,1,6668,0.15
O0267,P007,2,4873,0.0
O0267,P001,2,7421,0.0
O0267,P011,1,2162,0.0
O0268,P009,2,8394,0.15
O0269,P010,2,7884,0.0
O0269,P001,1,7421,0.1
O0270,P003,1,6106,0.1
O0271,P008,2,7611,0.0
O0271,P015,1,4274,0.0
O0271,P011,1,2162,0.15
O0271,P004,1,3389,0.0
O0272,P018,1,2786,0.05
O0272,P001,1,7421,0.15
O0273,P012,2,2874,0.0
O0274,P020,2,8282,0.0
O0274,P008,2,7611,0.05
O0274,P007,1,4873,0.15
O0275,P020,2,8282,0.05
O0275,P012,1,2874,0.0
O0275,P002,1,2564,0.1
O0275,P010,1,7884,0.05
O0276,P013,1,5587,0.0
O0276,P003,2,6106,0.0
O0277,P015,2,4274,0.0
O0277,P006,1,2986,0.0
O0277,P003,1,6106,0.0
O0278,P008,1,7611,0.15
O0279,P012,1,2874,0.05
O0279,P019,1,4272,0.1
O0280,P013,1,5587,0.05
O0281,P012,2,2874,0.0
O0282,P017,1,8068,0.0
O0282,P002,1,2564,0.0
O0283,P005,2,1268,0.05
O0284,P010,1,7884,0.15
O0285,P004,1,3389,0.1
O0286,P018,1,2786,0.1
O0286,P003,1,6106,0.15
O0286,P013,1,5587,0.15
O0287,P003,1,6106,0.0
O0288,P004,2,3389,0.05
O0289,P012,1,2874,0.0
O0289,P017,1,8068,0.0
O0290,P013,2,5587,0.05
O0290,P006,1,2986,0.0
O0291,P010,2,7884,0.0
O0292,P006,1,2986,0.15
O0292,P020,1,8282,0.0
O0293,P011,1,2162,0.15
O0293,P007,2,4873,0.15
O0294,P005,1,1268,0.0
O0295,P008,2,7611,0.15
O0295,P004,2,3389,0.0
O0296,P009,3,8394,0.15
O0297,P001,1,7421,0.0
O0297,P008,1,7611,0.0
O0298,P015,2,4274,0.0
O0299,P002,3,2564,0.0
O0300,P001,2,7421,0.0
O0301,P009,1,8394,0.1
O0301,P004,3,3389,0.05
O0301,P018,1,2786,0.05
O0302,P005,1,1268,0.0
O0303,P017,3,8068,0.0
O0304,P017,1,8068,0.15
O0305,P003,2,6106,0.0
O0306,P006,1,2986,0.0
O0306,P007,1,4873,0.0
O0306,P018,2,2786,0.1
O0306,P019,1,4272,0.0
O0307,P006,2,2986,0.0
O0308,P008,1,7611,0.0
O0309,P017,1,8068,0.0
O0310,P013,1,5587,0.0
O0311,P005,2,1268,0.0
O0312,P010,2,7884,0.0
O0313,P017,1,8068,0.0
O0314,P016,1,4889,0.0
O0314,P006,2,2986,0.0
O0315,P004,1,3389,0.15
O0315,P009,2,8394,0.0
O0315,P003,1,6106,0.0
O0316,P004,1,3389,0.0
O0316,P013,1,5587,0.0
O0316,P017,1,8068,0.05
O0317,P002,1,2564,0.0
O0318,P011,1,2162,0.1
O0318,P016,1,4889,0.15
O0318,P008,1,7611,0.05
O0319,P003,1,6106,0.15
O0320,P010,2,7884,0.0
O0320,P014,1,6668,0.05
O0320,P008,1,7611,0.1
O0320,P015,1,4274,0.05
O0321,P013,2,5587,0.0
O0322,P010,3,7884,0.0
O0322,P007,1,4873,0.0
O0322,P003,1,6106,0.15
O0322,P017,1,8068,0.0
O0323,P014,1,6668,0.15
O0324,P010,1,7884,0.1
O0324,P005,2,1268,0.05
O0324,P018,1,2786,0.0
O0325,P005,1,1268,0.0
O0326,P002,2,2564,0.0
O0327,P004,2,3389,0.0
O0327,P003,3,6106,0.0
O0328,P008,1,7611,0.0
O0329,P002,1,2564,0.1
O0330,P001,1,7421,0.15
O0330,P006,1,2986,0.0
O0330,P020,1,8282,0.0
O0331,P016,2,4889,0.1
O0331,P018,1,2786,0.1
O0332,P018,1,2786,0.0
O0333,P017,1,8068,0.0
O0333,P004,1,3389,0.0
O0334,P004,1,3389,0.15
O0335,P001,1,7421,0.05
O0336,P005,1,1268,0.0
O0336,P006,1,2986,0.0
O0337,P017,2,8068,0.0
O0338,P008,1,7611,0.05
O0338,P018,1,2786,0.0
O0338,P009,1,8394,0.0
O0339,P006,1,2986,0.1
O0340,P020,1,8282,0.15
O0341,P013,1,5587,0.0
O0342,P013,1,5587,0.0
O0342,P002,1,2564,0.05
O0343,P003,1,6106,0.0
O0344,P018,1,2786,0.0
O0344,P020,1,8282,0.1
O0345,P002,1,2564,0.1
O0345,P020,1,8282,0.05
O0345,P007,1,4873,0.0
O0346,P020,2,8282,0.1
O0346,P006,1,2986,0.1
O0347,P010,1,7884,0.05
O0347,P005,1,1268,0.15
O0347,P011,1,2162,0.15
O0348,P019,1,4272,0.1
O0349,P011,1,2162,0.1
O0349,P004,2,3389,0.0
O0350,P020,2,8282,0.0
O0350,P017,1,8068,0.0
O0351,P009,1,8394,0.05
O0351,P001,1,7421,0.0
O0352,P008,1,7611,0.05
O0352,P011,2,2162,0.0
O0353,P001,3,7421,0.0
O0353,P019,1,4272,0.15
O0354,P005,1,1268,0.05
O0354,P012,1,2874,0.05
O0355,P005,1,1268,0.05
O0356,P012,1,2874,0.05
O0356,P003,1,6106,0.0
O0356,P014,1,6668,0.0
O0357,P003,1,6106,0.0
O0357,P010,1,7884,0.1
O0357,P015,1,4274,0.05
O0358,P016,1,4889,0.0
O0358,P009,1,8394,0.0
O0359,P018,1,2786,0.05
O0359,P016,1,4889,0.15
O0360,P016,2,4889,0.0
O0361,P001,1,7421,0.0
O0362,P010,1,7884,0.0
O0362,P013,1,5587,0.1
O0363,P009,3,8394,0.15
O0364,P014,1,6668,0.0
O0364,P017,1,8068,0.0
O0364,P002,2,2564,0.1
O0364,P009,1,8394,0.0
O0365,P001,1,7421,0.05
O0366,P019,1,4272,0.05
O0367,P009,2,8394,0.0
O0367,P011,1,2162,0.05
O0367,P017,1,8068,0.0
O0368,P014,1,6668,0.15
O0369,P011,1,2162,0.0
O0369,P017,1,8068,0.15
O0370,P005,1,1268,0.1
O0371,P006,3,2986,0.05
O0372,P008,1,7611,0.15
O0372,P006,1,2986,0.05
O0373,P006,2,2986,0.0
O0373,P002,1,2564,0.15
O0374,P001,1,7421,0.0
O0375,P002,1,2564,0.0
O0375,P014,1,6668,0.0
O0376,P016,1,4889,0.0
O0377,P017,1,8068,0.15
O0377,P019,3,4272,0.0
O0378,P001,2,7421,0.05
O0378,P003,1,6106,0.0
O0378,P018,2,2786,0.0
O0379,P020,1,8282,0.0
O0380,P017,1,8068,0.0
O0380,P019,1,4272,0.0
O0381,P009,1,8394,0.15
O0382,P007,1,4873,0.1
O0383,P009,1,8394,0.0
O0383,P011,2,2162,0.05
O0384,P019,1,4272,0.0
O0385,P002,1,2564,0.15
O0386,P015,1,4274,0.1
O0387,P009,3,8394,0.0
O0388,P006,1,2986,0.05
O0389,P020,1,8282,0.0
O0389,P017,2,8068,0.1
O0390,P013,1,5587,0.05
O0391,P018,2,2786,0.0
O0391,P001,1,7421,0.15
O0392,P014,1,6668,0.05
O0392,P010,1,7884,0.05
O0393,P008,1,7611,0.05
O0393,P001,1,7421,0.0
O0394,P002,2,2564,0.15
O0394,P001,1,7421,0.15
O0395,P020,1,8282,0.15
O0396,P012,2,2874,0.1
O0397,P007,1,4873,0.0
O0398,P010,1,7884,0.05
O0399,P003,3,6106,0.15
O0400,P001,1,7421,0.0
O0400,P008,2,7611,0.1
O0401,P015,1,4274,0.0
O0401,P010,2,7884,0.05
O0401,P006,1,2986,0.1
O0401,P008,1,7611,0.15
O0402,P018,1,2786,0.15
O0403,P003,1,6106,0.0
O0403,P016,1,4889,0.15
O0404,P012,1,2874,0.05
O0405,P004,1,3389,0.15
O0406,P015,1,4274,0.05
O0406,P007,1,4873,0.15
O0406,P001,1,7421,0.05
O0406,P004,2,3389,0.05
O0407,P020,1,8282,0.05
O0407,P011,1,2162,0.1
O0408,P014,1,6668,0.0
O0408,P012,3,2874,0.05
O0409,P001,1,7421,0.15
O0409,P008,1,7611,0.0
O0409,P007,1,4873,0.1
O0410,P015,1,4274,0.15
O0411,P012,1,2874,0.0
O0411,P014,1,6668,0.1
O0412,P012,2,2874,0.0
O0413,P007,1,4873,0.0
O0413,P012,3,2874,0.15
O0414,P014,1,6668,0.05
O0414,P020,1,8282,0.15
O0415,P016,2,4889,0.15
O0416,P011,3,2162,0.0
O0416,P007,3,4873,0.0
O0416,P002,1,2564,0.0
O0416,P001,1,7421,0.05
O0417,P018,2,2786,0.0
O0417,P015,1,4274,0.0
O0418,P007,1,4873,0.05
O0418,P017,1,8068,0.0
O0419,P019,1,4272,0.0
O0419,P020,2,8282,0.1
O0420,P015,2,4274,0.0
O0421,P014,1,6668,0.05
O0422,P015,1,4274,0.1
O0423,P007,2,4873,0.1
O0424,P012,2,2874,0.0
O0425,P015,1,4274,0.05
O0425,P010,1,7884,0.15
O0426,P007,1,4873,0.0
O0426,P006,1,2986,0.0
O0427,P007,2,4873,0.15
O0427,P011,2,2162,0.15
O0427,P020,2,8282,0.0
O0428,P019,1,4272,0.0
O0429,P014,2,6668,0.05
O0429,P005,1,1268,0.15
O0429,P002,1,2564,0.0
O0430,P019,2,4272,0.0
O0431,P014,1,6668,0.1
O0432,P007,1,4873,0.0
O0433,P003,1,6106,0.15
O0434,P004,1,3389,0.1
O0435,P011,2,2162,0.0
O0435,P014,1,6668,0.15
O0436,P012,1,2874,0.0
O0436,P010,1,7884,0.1
O0437,P007,1,4873,0.0
O0438,P010,1,7884,0.0
O0438,P001,1,7421,0.0
O0439,P008,1,7611,0.1
O0440,P017,2,8068,0.15
O0441,P018,1,2786,0.05
O0441,P008,1,7611,0.0
O0442,P007,1,4873,0.0
O0442,P005,2,1268,0.0
O0443,P005,1,1268,0.0
O0444,P001,1,7421,0.0
O0444,P014,1,6668,0.1
O0445,P007,2,4873,0.1
O0446,P006,1,2986,0.1
O0446,P009,1,8394,0.0
O0447,P019,1,4272,0.1
O0448,P003,1,6106,0.0
O0449,P020,2,8282,0.05
O0449,P018,1,2786,0.05
O0450,P009,1,8394,0.0
O0450,P018,2,2786,0.0
O0451,P009,1,8394,0.0
O0452,P018,2,2786,0.05
O0453,P017,1,8068,0.15
O0454,P018,2,2786,0.15
O0454,P003,1,6106,0.0
O0455,P006,1,2986,0.05
O0456,P004,1,3389,0.1
O0457,P007,1,4873,0.1
O0457,P018,1,2786,0.15
O0457,P012,2,2874,0.0
O0457,P009,2,8394,0.0
O0458,P011,1,2162,0.1
O0458,P014,2,6668,0.0
O0458,P017,1,8068,0.1
O0459,P020,1,8282,0.0
O0460,P010,1,7884,0.0
O0461,P017,1,8068,0.1
O0462,P004,1,3389,0.0
O0462,P005,1,1268,0.05
O0463,P009,2,8394,0.15
O0463,P019,1,4272,0.05
O0463,P007,1,4873,0.05
O0464,P016,1,4889,0.15
O0465,P009,1,8394,0.0
O0465,P007,1,4873,0.0
O0466,P011,1,2162,0.1
O0466,P010,1,7884,0.0
O0467,P006,1,2986,0.0
O0467,P007,1,4873,0.05
O0468,P007,1,4873,0.15
O0469,P011,1,2162,0.0
O0470,P016,1,4889,0.0
O0471,P012,1,2874,0.0
O0472,P010,3,7884,0.0
O0473,P008,2,7611,0.1
O0474,P009,1,8394,0.15
O0474,P007,1,4873,0.0
O0475,P008,1,7611,0.1
O0476,P013,2,5587,0.1
O0476,P018,2,2786,0.0
O0477,P011,1,2162,0.0
O0478,P018,1,2786,0.0
O0479,P013,3,5587,0.1
O0479,P017,1,8068,0.0
O0480,P005,1,1268,0.0
O0480,P012,1,2874,0.15
O0480,P003,2,6106,0.0
O0481,P008,1,7611,0.0
O0481,P013,1,5587,0.0
O0482,P001,1,7421,0.1
O0483,P003,1,6106,0.0
O0484,P019,1,4272,0.0
O0485,P007,2,4873,0.0
O0485,P011,1,2162,0.05
O0485,P012,2,2874,0.1
O0485,P017,2,8068,0.05
O0486,P017,1,8068,0.05
O0487,P002,2,2564,0.05
O0487,P013,3,5587,0.15
O0487,P006,1,2986,0.0
O0488,P010,1,7884,0.1
O0488,P002,2,2564,0.0
O0489,P013,1,5587,0.05
O0490,P004,1,3389,0.1
O0491,P020,1,8282,0.0
O0492,P011,1,2162,0.15
O0493,P006,1,2986,0.05
O0493,P014,1,6668,0.0
O0494,P014,1,6668,0.0
O0495,P017,2,8068,0.1
O0496,P010,1,7884,0.15
O0496,P019,1,4272,0.0
O0497,P004,1,3389,0.0
O0497,P015,1,4274,0.1
O0497,P017,1,8068,0.0
O0498,P011,1,2162,0.1
O0498,P017,1,8068,0.0
O0499,P017,1,8068,0.0
O0500,P001,1,7421,0.0
O0500,P017,1,8068,0.0
