PaymentID,OrderID,PaymentDate,PaymentMethod,PaymentAmount
PAY0001,O0001,2025-12-18,Net Banking,8743.65
PAY0002,O0002,2025-12-06,Cash,18347.95
PAY0003,O0003,2025-12-07,Net Banking,8182.8
PAY0004,O0004,2025-05-27,Cash,12065.55
PAY0005,O0005,2025-03-28,Card,5495.4
PAY0006,O0006,2025-12-11,Card,18339.3
PAY0007,O0007,2025-12-23,Cash,2070.43
PAY0008,O0008,2025-04-23,Cash,23747.0
PAY0009,O0009,2025-12-08,Cash,14407.6
PAY0010,O0010,2025-10-08,Cash,13372.3
PAY0011,O0011,2025-11-17,Net Banking,7611.0
PAY0012,O0012,2025-10-04,UPI,8394.0
PAY0013,O0013,2025-08-01,UPI,12275.1
PAY0014,O0014,2025-10-22,Cash,3219.55
PAY0015,O0015,2025-10-03,UPI,7936.0
PAY0016,O0016,2025-07-19,UPI,8046.0
PAY0017,O0017,2025-07-21,Net Banking,15024.25
PAY0018,O0018,2025-07-14,Cash,5800.7
PAY0019,O0019,2025-05-10,UPI,1268.0
PAY0020,O0020,2025-11-30,Card,10296.65
PAY0021,O0021,2025-08-27,Card,19416.9
PAY0022,O0022,2025-06-09,Cash,4142.05
PAY0023,O0023,2025-07-23,Net Banking,6857.8
PAY0024,O0024,2025-12-17,UPI,9392.45
PAY0025,O0025,2025-09-17,Net Banking,1204.6
PAY0026,O0026,2025-11-22,Net Banking,6849.9
PAY0027,O0027,2025-11-12,Card,12002.4
PAY0028,O0028,2025-02-14,Net Banking,6678.9
PAY0029,O0029,2025-01-15,Net Banking,2874.0
PAY0030,O0030,2025-10-12,Cash,16876.5
PAY0031,O0031,2025-08-18,Net Banking,2986.0
PAY0032,O0032,2025-08-31,Cash,13200.3
PAY0033,O0033,2025-05-19,Card,11174.0
PAY0034,O0034,2025-04-09,Net Banking,12768.2
PAY0035,O0035,2025-04-27,UPI,4274.0
PAY0036,O0036,2025-10-11,Net Banking,17594.25
PAY0037,O0037,2025-04-05,Card,16616.9
PAY0038,O0038,2025-10-16,Cash,21655.4
PAY0039,O0039,2025-06-06,Card,3804.0
PAY0040,O0040,2025-11-17,Cash,11831.4
PAY0041,O0041,2025-05-30,Card,7489.8
PAY0042,O0042,2025-05-16,Net Banking,12678.1
PAY0043,O0043,2025-03-14,Net Banking,2442.9
PAY0044,O0044,2025-08-13,UPI,10728.3
PAY0045,O0045,2025-08-10,UPI,26633.4
PAY0046,O0046,2025-12-11,Cash,15329.2
PAY0047,O0047,2025-05-23,Cash,16564.0
PAY0048,O0048,2025-06-20,Net Banking,7489.8
PAY0049,O0049,2025-12-06,Cash,2564.0
PAY0050,O0050,2025-09-21,UPI,11499.55
PAY0051,O0051,2025-04-15,UPI,7039.7
PAY0052,O0052,2025-11-19,UPI,15952.0
PAY0053,O0053,2025-08-25,Card,10622.7
PAY0054,O0054,2025-08-22,Card,7693.2
PAY0055,O0055,2025-02-05,Net Banking,9778.0
PAY0056,O0056,2025-06-02,Net Banking,23285.8
PAY0057,O0057,2025-04-07,Cash,3384.0
PAY0058,O0058,2025-07-17,Cash,21088.3
PAY0059,O0059,2025-01-08,Net Banking,4873.0
PAY0060,O0060,2025-06-23,Cash,4873.0
PAY0061,O0061,2025-06-12,Card,14556.9
PAY0062,O0062,2025-02-16,UPI,11342.35
PAY0063,O0063,2025-01-24,Cash,3389.0
PAY0064,O0064,2025-10-17,Card,2730.3
PAY0065,O0065,2025-09-12,UPI,6334.6
PAY0066,O0066,2025-08-27,Cash,10566.0
PAY0067,O0067,2025-12-20,Net Banking,22972.55
PAY0068,O0068,2025-12-25,Net Banking,33942.2
PAY0069,O0069,2025-04-28,Card,2564.0
PAY0070,O0070,2025-11-18,UPI,11502.45
PAY0071,O0071,2025-06-01,Net Banking,4385.7
PAY0072,O0072,2025-09-29,Cash,18166.3
PAY0073,O0073,2025-02-08,Cash,21254.44
PAY0074,O0074,2025-07-08,Cash,22356.9
PAY0075,O0075,2025-01-13,Cash,3631.2
PAY0076,O0076,2025-12-25,Cash,7421.0
PAY0077,O0077,2025-03-01,Card,16806.25
PAY0078,O0078,2025-08-01,Net Banking,10605.3
PAY0079,O0079,2025-02-20,UPI,13847.0
PAY0080,O0080,2025-08-21,Net Banking,1268.0
PAY0081,O0081,2025-05-05,Card,6100.2
PAY0082,O0082,2025-04-30,Net Banking,8642.0
PAY0083,O0083,2025-03-31,UPI,22786.0
PAY0084,O0084,2025-03-06,UPI,19669.4
PAY0085,O0085,2025-08-20,Cash,17531.2
PAY0086,O0086,2025-07-25,UPI,2730.3
PAY0087,O0087,2025-06-14,Net Banking,7039.7
PAY0088,O0088,2025-07-15,UPI,6334.6
PAY0089,O0089,2025-12-02,Cash,8107.3
PAY0090,O0090,2025-07-24,Card,3631.2
PAY0091,O0091,2025-12-18,Net Banking,2646.7
PAY0092,O0092,2025-03-08,Cash,12240.35
PAY0093,O0093,2025-01-27,Cash,6849.9
PAY0094,O0094,2025-04-25,UPI,20758.5
PAY0095,O0095,2025-11-08,Net Banking,3631.2
PAY0096,O0096,2025-06-29,Card,16877.25
PAY0097,O0097,2025-07-12,UPI,2538.1
PAY0098,O0098,2025-01-27,Cash,11254.8
PAY0099,O0099,2025-08-01,Cash,11121.0
PAY0100,O0100,2025-09-27,Card,7095.6
PAY0101,O0101,2025-06-04,Card,12039.65
PAY0102,O0102,2025-07-14,UPI,2538.1
PAY0103,O0103,2025-07-23,Cash,2564.0
PAY0104,O0104,2025-10-21,Cash,11413.65
PAY0105,O0105,2025-12-20,UPI,7974.3
PAY0106,O0106,2025-07-22,UPI,6106.0
PAY0107,O0107,2025-09-29,Net Banking,29676.8
PAY0108,O0108,2025-04-12,Cash,8544.0
PAY0109,O0109,2025-08-26,Net Banking,8771.4
PAY0110,O0110,2025-11-18,Net Banking,2538.1
PAY0111,O0111,2025-10-30,UPI,7004.3
PAY0112,O0112,2025-11-27,Cash,9730.55
PAY0113,O0113,2025-10-20,Cash,6668.0
PAY0114,O0114,2025-02-22,Cash,1268.0
PAY0115,O0115,2025-08-13,UPI,10448.0
PAY0116,O0116,2025-11-20,Net Banking,3631.2
PAY0117,O0117,2025-12-03,Net Banking,6106.0
PAY0118,O0118,2025-12-02,Cash,6106.0
PAY0119,O0119,2025-11-26,Cash,34819.5
PAY0120,O0120,2025-09-18,Cash,4873.0
PAY0121,O0121,2025-04-09,UPI,3389.0
PAY0122,O0122,2025-12-05,Card,8068.0
PAY0123,O0123,2025-08-13,Cash,2435.8
PAY0124,O0124,2025-04-30,Card,14099.9
PAY0125,O0125,2025-07-08,Net Banking,34327.0
PAY0126,O0126,2025-01-27,Card,17269.7
PAY0127,O0127,2025-05-20,Net Banking,2786.0
PAY0128,O0128,2025-01-14,Net Banking,4060.3
PAY0129,O0129,2025-04-25,Cash,16701.3
PAY0130,O0130,2025-12-23,Card,7489.8
PAY0131,O0131,2025-10-08,Cash,3832.0
PAY0132,O0132,2025-11-24,UPI,5673.4
PAY0133,O0133,2025-11-20,Card,5573.03
PAY0134,O0134,2025-10-20,UPI,10339.8
PAY0135,O0135,2025-07-19,Net Banking,14530.0
PAY0136,O0136,2025-05-04,Net Banking,15069.9
PAY0137,O0137,2025-11-26,Card,5190.1
PAY0138,O0138,2025-02-02,Net Banking,8394.0
PAY0139,O0139,2025-06-08,Net Banking,26799.65
PAY0140,O0140,2025-05-20,Cash,2053.9
PAY0141,O0141,2025-06-23,UPI,6834.8
PAY0142,O0142,2025-08-09,Cash,15495.0
PAY0143,O0143,2025-03-27,Cash,7884.0
PAY0144,O0144,2025-05-21,Card,6106.0
PAY0145,O0145,2025-01-16,Cash,10326.9
PAY0146,O0146,2025-10-18,UPI,7421.0
PAY0147,O0147,2025-10-21,UPI,2162.0
PAY0148,O0148,2025-01-14,Card,8094.4
PAY0149,O0149,2025-11-10,UPI,16935.8
PAY0150,O0150,2025-12-16,Net Banking,6849.9
PAY0151,O0151,2025-03-22,Cash,32595.0
PAY0152,O0152,2025-01-14,Cash,8752.2
PAY0153,O0153,2025-09-03,Cash,5925.0
PAY0154,O0154,2025-08-27,Card,5173.2
PAY0155,O0155,2025-03-08,Card,16738.0
PAY0156,O0156,2025-06-27,UPI,24188.1
PAY0157,O0157,2025-09-15,Net Banking,10810.05
PAY0158,O0158,2025-10-16,Card,14522.4
PAY0159,O0159,2025-10-20,Cash,5993.35
PAY0160,O0160,2025-05-06,Cash,2986.0
PAY0161,O0161,2025-09-05,Net Banking,7039.7
PAY0162,O0162,2025-07-24,Card,6375.0
PAY0163,O0163,2025-02-19,Card,20264.1
PAY0164,O0164,2025-03-23,Cash,5957.07
PAY0165,O0165,2025-05-04,Cash,1204.6
PAY0166,O0166,2025-05-27,Card,19655.3
PAY0167,O0167,2025-07-05,UPI,5028.3
PAY0168,O0168,2025-03-07,Card,3423.6
PAY0169,O0169,2025-04-12,Net Banking,2986.0
PAY0170,O0170,2025-08-31,Net Banking,5748.0
PAY0171,O0171,2025-03-25,Net Banking,11369.6
PAY0172,O0172,2025-09-01,UPI,2053.9
PAY0173,O0173,2025-11-02,Cash,23593.25
PAY0174,O0174,2025-03-17,Cash,4324.0
PAY0175,O0175,2025-06-10,Cash,3844.8
PAY0176,O0176,2025-02-01,Card,6577.85
PAY0177,O0177,2025-08-24,Cash,5233.45
PAY0178,O0178,2025-04-09,Cash,15922.3
PAY0179,O0179,2025-06-12,Cash,19142.8
PAY0180,O0180,2025-07-22,Cash,4142.05
PAY0181,O0181,2025-12-02,Net Banking,3050.1
PAY0182,O0182,2025-03-12,Card,6728.2
PAY0183,O0183,2025-01-27,UPI,4155.65
PAY0184,O0184,2025-10-09,Net Banking,19868.6
PAY0185,O0185,2025-06-14,UPI,12938.7
PAY0186,O0186,2025-03-31,UPI,14366.7
PAY0187,O0187,2025-06-02,Cash,18318.0
PAY0188,O0188,2025-03-10,Cash,5572.0
PAY0189,O0189,2025-11-28,Card,5972.0
PAY0190,O0190,2025-03-31,Cash,28129.3
PAY0191,O0191,2025-06-15,Net Banking,8068.0
PAY0192,O0192,2025-10-26,UPI,1077.8
PAY0193,O0193,2025-08-27,UPI,2538.1
PAY0194,O0194,2025-11-24,Net Banking,14660.95
PAY0195,O0195,2025-08-01,UPI,23861.3
PAY0196,O0196,2025-09-27,Card,4633.2
PAY0197,O0197,2025-10-21,Card,15948.6
PAY0198,O0198,2025-10-26,Cash,19182.6
PAY0199,O0199,2025-12-11,UPI,2986.0
PAY0200,O0200,2025-01-24,Cash,14018.0
PAY0201,O0201,2025-01-17,Cash,5667.8
PAY0202,O0202,2025-07-11,Net Banking,22155.0
PAY0203,O0203,2025-03-02,UPI,4889.0
PAY0204,O0204,2025-06-02,Card,8618.7
PAY0205,O0205,2025-05-22,UPI,10149.1
PAY0206,O0206,2025-02-21,UPI,7421.0
PAY0207,O0207,2025-07-25,Net Banking,13336.0
PAY0208,O0208,2025-10-23,Card,26321.7
PAY0209,O0209,2025-11-17,Net Banking,10323.2
PAY0210,O0210,2025-12-23,Card,3844.8
PAY0211,O0211,2025-06-03,Net Banking,27461.2
PAY0212,O0212,2025-04-15,Card,2162.0
PAY0213,O0213,2025-01-27,Card,7386.1
PAY0214,O0214,2025-09-03,UPI,5748.0
PAY0215,O0215,2025-09-03,Net Banking,4657.0
PAY0216,O0216,2025-06-07,Net Banking,10251.8
PAY0217,O0217,2025-04-15,UPI,4873.0
PAY0218,O0218,2025-05-14,Card,13990.0
PAY0219,O0219,2025-09-13,Net Banking,26187.3
PAY0220,O0220,2025-03-28,UPI,20114.4
PAY0221,O0221,2025-12-09,Card,14842.0
PAY0222,O0222,2025-01-05,Cash,4142.05
PAY0223,O0223,2025-12-04,Net Banking,3558.45
PAY0224,O0224,2025-01-09,Card,14651.0
PAY0225,O0225,2025-04-09,Cash,7049.95
PAY0226,O0226,2025-08-24,Cash,24088.85
PAY0227,O0227,2025-10-10,Net Banking,6942.9
PAY0228,O0228,2025-10-17,Net Banking,20679.0
PAY0229,O0229,2025-10-06,Card,11601.4
PAY0230,O0230,2025-12-31,Cash,3844.8
PAY0231,O0231,2025-12-13,Net Banking,12615.7
PAY0232,O0232,2025-01-28,Cash,2507.4
PAY0233,O0233,2025-06-17,Cash,8510.1
PAY0234,O0234,2025-08-10,UPI,6961.4
PAY0235,O0235,2025-05-18,UPI,10301.65
PAY0236,O0236,2025-06-07,Cash,13701.65
PAY0237,O0237,2025-02-22,Cash,7261.2
PAY0238,O0238,2025-01-07,Card,3050.1
PAY0239,O0239,2025-10-20,Card,10151.3
PAY0240,O0240,2025-08-11,Card,2536.0
PAY0241,O0241,2025-11-17,Cash,5442.9
PAY0242,O0242,2025-06-18,Card,3675.4
PAY0243,O0243,2025-06-03,Cash,11251.4
PAY0244,O0244,2025-10-22,Card,8120.6
PAY0245,O0245,2025-10-31,Net Banking,13509.05
PAY0246,O0246,2025-12-21,Cash,7152.65
PAY0247,O0247,2025-07-13,UPI,25514.65
PAY0248,O0248,2025-02-25,Cash,11087.1
PAY0249,O0249,2025-06-19,Card,3844.8
PAY0250,O0250,2025-08-17,Net Banking,6307.85
PAY0251,O0251,2025-01-13,Card,5572.0
PAY0252,O0252,2025-06-28,UPI,2730.3
PAY0253,O0253,2025-08-13,UPI,4889.0
PAY0254,O0254,2025-01-12,Card,12615.7
PAY0255,O0255,2025-10-10,Cash,14903.2
PAY0256,O0256,2025-07-22,Card,13422.3
PAY0257,O0257,2025-05-23,UPI,14876.4
PAY0258,O0258,2025-05-15,Net Banking,9610.4
PAY0259,O0259,2025-06-30,UPI,1268.0
PAY0260,O0260,2025-12-11,Card,2564.0
PAY0261,O0261,2025-09-19,Card,12803.95
PAY0262,O0262,2025-10-12,Net Banking,7867.9
PAY0263,O0263,2025-01-05,Cash,3050.1
PAY0264,O0264,2025-07-29,UPI,5293.4
PAY0265,O0265,2025-04-23,Cash,4889.0
PAY0266,O0266,2025-10-09,UPI,15226.9
PAY0267,O0267,2025-08-14,UPI,32417.8
PAY0268,O0268,2025-08-13,Cash,14269.8
PAY0269,O0269,2025-03-26,Card,22446.9
PAY0270,O0270,2025-06-15,UPI,5495.4
PAY0271,O0271,2025-03-11,Cash,24722.7
PAY0272,O0272,2025-09-08,UPI,8954.55
PAY0273,O0273,2025-07-26,Cash,5748.0
PAY0274,O0274,2025-06-17,UPI,35166.95
PAY0275,O0275,2025-10-01,UPI,28407.2
PAY0276,O0276,2025-01-24,UPI,17799.0
PAY0277,O0277,2025-08-08,Net Banking,17640.0
PAY0278,O0278,2025-12-07,Card,6469.35
PAY0279,O0279,2025-08-08,Cash,6575.1
PAY0280,O0280,2025-01-05,Cash,5307.65
PAY0281,O0281,2025-02-06,Net Banking,5748.0
PAY0282,O0282,2025-03-12,Card,10632.0
PAY0283,O0283,2025-08-14,Cash,2409.2
PAY0284,O0284,2025-04-22,Cash,6701.4
PAY0285,O0285,2025-06-11,Net Banking,3050.1
PAY0286,O0286,2025-12-20,Card,12446.45
PAY0287,O0287,2025-09-11,UPI,6106.0
PAY0288,O0288,2025-07-04,Card,6439.1
PAY0289,O0289,2025-08-30,Cash,10942.0
PAY0290,O0290,2025-09-17,Card,13601.3
PAY0291,O0291,2025-05-23,Cash,15768.0
PAY0292,O0292,2025-10-28,UPI,10820.1
PAY0293,O0293,2025-08-11,UPI,10121.8
PAY0294,O0294,2025-12-29,Net Banking,1268.0
PAY0295,O0295,2025-03-27,Cash,19716.7
PAY0296,O0296,2025-05-20,Cash,21404.7
PAY0297,O0297,2025-09-19,UPI,15032.0
PAY0298,O0298,2025-04-27,Cash,8548.0
PAY0299,O0299,2025-07-06,Cash,7692.0
PAY0300,O0300,2025-04-25,Net Banking,14842.0
PAY0301,O0301,2025-03-03,Net Banking,19859.95
PAY0302,O0302,2025-06-17,Net Banking,1268.0
PAY0303,O0303,2025-11-15,Card,24204.0
PAY0304,O0304,2025-03-19,UPI,6857.8
PAY0305,O0305,2025-06-21,Card,12212.0
PAY0306,O0306,2025-08-03,UPI,17145.8
PAY0307,O0307,2025-10-25,UPI,5972.0
PAY0308,O0308,2025-08-11,Cash,7611.0
PAY0309,O0309,2025-12-25,Card,8068.0
PAY0310,O0310,2025-10-27,Net Banking,5587.0
PAY0311,O0311,2025-04-17,Net Banking,2536.0
PAY0312,O0312,2025-12-27,Card,15768.0
PAY0313,O0313,2025-07-02,Cash,8068.0
PAY0314,O0314,2025-08-20,UPI,10861.0
PAY0315,O0315,2025-04-24,UPI,25774.65
PAY0316,O0316,2025-01-12,Cash,16640.6
PAY0317,O0317,2025-07-22,Card,2564.0
PAY0318,O0318,2025-05-21,Cash,13331.9
PAY0319,O0319,2025-02-01,Card,5190.1
PAY0320,O0320,2025-11-19,UPI,33012.8
PAY0321,O0321,2025-06-13,Cash,11174.0
PAY0322,O0322,2025-09-29,Cash,41783.1
PAY0323,O0323,2025-07-01,UPI,5667.8
PAY0324,O0324,2025-12-27,UPI,12290.8
PAY0325,O0325,2025-01-29,Card,1268.0
PAY0326,O0326,2025-03-08,Card,5128.0
PAY0327,O0327,2025-10-28,Cash,25096.0
PAY0328,O0328,2025-10-28,Cash,7611.0
PAY0329,O0329,2025-11-24,Net Banking,2307.6
PAY0330,O0330,2025-04-25,Cash,17575.85
PAY0331,O0331,2025-10-18,Cash,11307.6
PAY0332,O0332,2025-03-14,UPI,2786.0
PAY0333,O0333,2025-12-29,Net Banking,11457.0
PAY0334,O0334,2025-05-12,Card,2880.65
PAY0335,O0335,2025-07-31,Card,7049.95
PAY0336,O0336,2025-03-25,Card,4254.0
PAY0337,O0337,2025-07-12,Cash,16136.0
PAY0338,O0338,2025-12-27,Net Banking,18410.45
PAY0339,O0339,2025-12-05,Cash,2687.4
PAY0340,O0340,2025-03-20,Cash,7039.7
PAY0341,O0341,2025-04-13,UPI,5587.0
PAY0342,O0342,2025-06-07,Cash,8022.8
PAY0343,O0343,2025-07-09,Net Banking,6106.0
PAY0344,O0344,2025-10-16,Card,10239.8
PAY0345,O0345,2025-10-11,UPI,15048.5
PAY0346,O0346,2025-07-22,Cash,17595.0
PAY0347,O0347,2025-03-30,Net Banking,10405.3
PAY0348,O0348,2025-06-13,Net Banking,3844.8
PAY0349,O0349,2025-09-24,Card,8723.8
PAY0350,O0350,2025-10-18,Net Banking,24632.0
PAY0351,O0351,2025-07-30,Cash,15395.3
PAY0352,O0352,2025-01-20,Net Banking,12132.17
PAY0353,O0353,2025-05-24,Net Banking,25894.2
PAY0354,O0354,2025-05-18,Net Banking,3934.9
PAY0355,O0355,2025-01-29,UPI,1204.6
PAY0356,O0356,2025-03-30,Cash,15504.3
PAY0357,O0357,2025-09-16,Net Banking,17261.9
PAY0358,O0358,2025-06-26,Card,13283.0
PAY0359,O0359,2025-04-24,Card,6462.23
PAY0360,O0360,2025-11-04,Net Banking,9778.0
PAY0361,O0361,2025-08-05,Cash,7421.0
PAY0362,O0362,2025-10-27,Net Banking,12912.3
PAY0363,O0363,2025-12-17,Net Banking,21404.7
PAY0364,O0364,2025-05-14,UPI,27745.2
PAY0365,O0365,2025-12-02,Card,7049.95
PAY0366,O0366,2025-06-25,Net Banking,4058.4
PAY0367,O0367,2025-09-17,Card,26909.9
PAY0368,O0368,2025-12-15,Cash,5667.8
PAY0369,O0369,2025-06-19,UPI,9019.8
PAY0370,O0370,2025-08-30,UPI,1141.2
PAY0371,O0371,2025-03-19,Card,8510.1
PAY0372,O0372,2025-02-11,Card,9306.05
PAY0373,O0373,2025-10-23,Cash,8151.4
PAY0374,O0374,2025-09-02,Net Banking,7421.0
PAY0375,O0375,2025-09-29,UPI,9232.0
PAY0376,O0376,2025-07-16,Net Banking,4889.0
PAY0377,O0377,2025-08-22,Cash,19673.8
PAY0378,O0378,2025-07-03,UPI,25777.9
PAY0379,O0379,2025-10-29,Net Banking,8282.0
PAY0380,O0380,2025-10-01,UPI,12340.0
PAY0381,O0381,2025-08-02,UPI,7134.9
PAY0382,O0382,2025-06-04,Card,4385.7
PAY0383,O0383,2025-08-03,Card,12501.8
PAY0384,O0384,2025-05-15,Cash,4272.0
PAY0385,O0385,2025-04-17,UPI,2179.4
PAY0386,O0386,2025-10-21,UPI,3846.6
PAY0387,O0387,2025-05-12,UPI,25182.0
PAY0388,O0388,2025-03-31,UPI,2836.7
PAY0389,O0389,2025-01-24,UPI,22804.4
PAY0390,O0390,2025-07-10,Cash,5307.65
PAY0391,O0391,2025-12-20,Card,11879.85
PAY0392,O0392,2025-02-23,UPI,13824.4
PAY0393,O0393,2025-12-17,Net Banking,14651.45
PAY0394,O0394,2025-01-07,UPI,10666.65
PAY0395,O0395,2025-08-10,Card,7039.7
PAY0396,O0396,2025-10-13,Cash,5173.2
PAY0397,O0397,2025-03-26,Card,4873.0
PAY0398,O0398,2025-10-09,Cash,7489.8
PAY0399,O0399,2025-02-15,UPI,15570.3
PAY0400,O0400,2025-07-26,Card,21120.8
PAY0401,O0401,2025-12-02,Cash,28410.35
PAY0402,O0402,2025-02-28,Net Banking,2368.1
PAY0403,O0403,2025-10-08,Cash,10261.65
PAY0404,O0404,2025-02-24,Card,2730.3
PAY0405,O0405,2025-06-23,Cash,2880.65
PAY0406,O0406,2025-08-23,Card,21691.4
PAY0407,O0407,2025-12-21,Cash,9813.7
PAY0408,O0408,2025-08-03,Card,14858.9
PAY0409,O0409,2025-07-31,Card,18304.55
PAY0410,O0410,2025-04-18,Card,3632.9
PAY0411,O0411,2025-09-15,Cash,8875.2
PAY0412,O0412,2025-12-12,UPI,5748.0
PAY0413,O0413,2025-07-15,UPI,12201.7
PAY0414,O0414,2025-12-20,Card,13374.3
PAY0415,O0415,2025-11-28,UPI,8311.3
PAY0416,O0416,2025-07-15,Net Banking,30718.95
PAY0417,O0417,2025-10-29,UPI,9846.0
PAY0418,O0418,2025-04-06,Net Banking,12697.35
PAY0419,O0419,2025-01-03,Net Banking,19179.6
PAY0420,O0420,2025-09-09,Card,8548.0
PAY0421,O0421,2025-09-24,Card,6334.6
PAY0422,O0422,2025-04-20,UPI,3846.6
PAY0423,O0423,2025-02-28,Card,8771.4
PAY0424,O0424,2025-01-21,Net Banking,5748.0
PAY0425,O0425,2025-01-13,UPI,10761.7
PAY0426,O0426,2025-02-19,Cash,7859.0
PAY0427,O0427,2025-02-23,Card,28523.5
PAY0428,O0428,2025-01-13,Net Banking,4272.0
PAY0429,O0429,2025-10-13,UPI,15495.45
PAY0430,O0430,2025-11-25,UPI,8544.0
PAY0431,O0431,2025-07-03,Cash,6001.2
PAY0432,O0432,2025-07-15,Cash,4873.0
PAY0433,O0433,2025-10-07,UPI,5190.1
PAY0434,O0434,2025-10-11,UPI,3050.1
PAY0435,O0435,2025-06-06,Card,9991.8
PAY0436,O0436,2025-03-24,Cash,9969.6
PAY0437,O0437,2025-11-27,Cash,4873.0
PAY0438,O0438,2025-06-19,Cash,15305.0
PAY0439,O0439,2025-06-18,Net Banking,6849.9
PAY0440,O0440,2025-08-08,Cash,13715.6
PAY0441,O0441,2025-05-22,Cash,10257.7
PAY0442,O0442,2025-10-10,Card,7409.0
PAY0443,O0443,2025-05-15,UPI,1268.0
PAY0444,O0444,2025-10-25,Cash,13422.2
PAY0445,O0445,2025-12-01,Net Banking,8771.4
PAY0446,O0446,2025-03-10,Card,11081.4
PAY0447,O0447,2025-09-21,Card,3844.8
PAY0448,O0448,2025-09-05,Card,6106.0
PAY0449,O0449,2025-01-22,UPI,18382.5
PAY0450,O0450,2025-11-29,Card,13966.0
PAY0451,O0451,2025-07-12,Cash,8394.0
PAY0452,O0452,2025-04-25,UPI,5293.4
PAY0453,O0453,2025-09-14,Card,6857.8
PAY0454,O0454,2025-04-06,Cash,10842.2
PAY0455,O0455,2025-12-12,Card,2694.86
PAY0456,O0456,2025-10-21,Card,3050.1
PAY0457,O0457,2025-05-13,Cash,29289.8
PAY0458,O0458,2025-09-04,Net Banking,22543.0
PAY0459,O0459,2025-08-21,Card,8282.0
PAY0460,O0460,2025-09-25,UPI,7884.0
PAY0461,O0461,2025-09-30,UPI,7261.2
PAY0462,O0462,2025-12-14,Cash,4593.6
PAY0463,O0463,2025-07-15,UPI,22957.55
PAY0464,O0464,2025-05-26,UPI,4155.65
PAY0465,O0465,2025-10-23,UPI,13267.0
PAY0466,O0466,2025-03-21,Cash,9829.8
PAY0467,O0467,2025-04-15,Net Banking,7615.35
PAY0468,O0468,2025-10-23,Card,4142.05
PAY0469,O0469,2025-08-17,UPI,2162.0
PAY0470,O0470,2025-03-24,Cash,4889.0
PAY0471,O0471,2025-02-15,Cash,2874.0
PAY0472,O0472,2025-11-11,Card,23652.0
PAY0473,O0473,2025-11-24,UPI,13699.8
PAY0474,O0474,2025-11-03,Card,12007.9
PAY0475,O0475,2025-02-14,UPI,6849.9
PAY0476,O0476,2025-12-27,Net Banking,15628.6
PAY0477,O0477,2025-04-26,Cash,2162.0
PAY0478,O0478,2025-09-17,Net Banking,2786.0
PAY0479,O0479,2025-10-03,Cash,23152.9
PAY0480,O0480,2025-12-15,Card,15922.9
PAY0481,O0481,2025-06-11,Net Banking,13198.0
PAY0482,O0482,2025-02-08,Card,6678.9
PAY0483,O0483,2025-09-13,Card,6106.0
PAY0484,O0484,2025-05-08,Cash,4272.0
PAY0485,O0485,2025-11-11,Net Banking,32302.3
PAY0486,O0486,2025-07-23,UPI,7664.6
PAY0487,O0487,2025-09-15,UPI,22104.45
PAY0488,O0488,2025-12-12,Card,12223.6
PAY0489,O0489,2025-05-18,Net Banking,5307.65
PAY0490,O0490,2025-07-06,UPI,3050.1
PAY0491,O0491,2025-05-19,Card,8282.0
PAY0492,O0492,2025-08-31,Net Banking,1837.7
PAY0493,O0493,2025-09-07,Net Banking,9504.7
PAY0494,O0494,2025-09-01,Net Banking,6668.0
PAY0495,O0495,2025-06-26,Card,14522.4
PAY0496,O0496,2025-05-26,Net Banking,10973.4
PAY0497,O0497,2025-08-26,Net Banking,15303.6
PAY0498,O0498,2025-04-27,Net Banking,10013.8
PAY0499,O0499,2025-10-28,Card,8068.0
PAY0500,O0500,2025-12-05,Cash,15489.0
